,index,Serial No
0,18040120,948
1,18040264,924
2,18040210,816
3,18111158,742
4,18040382,735
5,18070582,727
6,18040375,615
7,18040311,584
8,18090165,579
9,18090810,576
10,18040082,563
11,18090862,547
12,18070494,546
13,18070784,539
14,18040140,530
15,18040285,521
16,18070577,515
17,18111094,503
18,18070453,499
19,18070526,498
20,18090813,498
21,18040250,492
22,18040161,487
23,18070479,473
24,18090817,473
25,18040143,472
26,18111187,466
27,18040252,465
28,18070696,463
29,18090899,461
30,18040165,458
31,18090863,453
32,18070560,451
33,18040266,446
34,18040182,445
35,18091008,444
36,18111057,440
37,18040251,439
38,18070687,439
39,18040177,438
40,18090945,435
41,18090956,428
42,18040234,424
43,18090883,421
44,18111218,420
45,18040343,417
46,18111217,415
47,18090985,413
48,18040300,411
49,18040328,411
50,18070722,409
51,18040287,405
52,18090833,404
53,18040236,403
54,18040255,398
55,18040173,393
56,18040385,393
57,18040167,393
58,18090850,393
59,18070759,389
60,18040390,387
61,18111070,387
62,18040267,387
63,18111220,386
64,18040096,383
65,18040290,383
66,18090875,380
67,18090942,380
68,18070437,378
69,18111081,377
70,18091018,373
71,18090821,373
72,18090994,372
73,18070416,371
74,18111153,371
75,18040332,370
76,18070644,367
77,18040073,365
78,18040063,364
79,18070774,364
80,18040395,361
81,18070492,360
82,18040217,359
83,18070563,358
84,18090916,358
85,18111096,358
86,18070689,356
87,18111065,354
88,18070663,353
89,18040304,351
90,18040168,349
91,18070426,349
92,18090981,348
93,18040254,346
94,18090893,345
95,18040201,345
96,18070758,343
97,18070662,342
98,18040048,342
99,18070508,340
100,18090853,340
101,18090874,340
102,18090845,339
103,18070740,337
104,18070747,336
105,18090931,334
106,18070561,333
107,18040076,333
108,18010003,332
109,18111054,332
110,18070809,332
111,18040380,331
112,18070669,330
113,18090904,330
114,18070781,329
115,18070412,329
116,18070702,329
117,18040393,328
118,18091001,326
119,18090998,325
120,18070641,320
121,18040146,320
122,18070447,318
123,18070470,315
124,18070567,314
125,18070748,314
126,18070515,311
127,18040316,310
128,18111074,307
129,18070800,307
130,18040133,307
131,18090952,306
132,18040326,305
133,18070796,305
134,18040049,302
135,18040356,301
136,18070575,301
137,18090827,300
138,18091013,298
139,18040154,298
140,18090844,297
141,18090860,296
142,18040095,295
143,18111067,294
144,18040296,294
145,18040091,294
146,18090858,293
147,18040260,292
148,18070718,292
149,18040386,291
150,18090895,291
151,18040142,290
152,18070581,289
153,18070753,287
154,18090865,285
155,18111147,285
156,18040280,285
157,18090988,285
158,18111155,285
159,18070417,284
160,18090936,283
161,18070457,283
162,18040333,282
163,18111178,281
164,18070573,280
165,18070444,280
166,18040239,280
167,18070779,280
168,18090951,279
169,18070675,277
170,18111039,277
171,18070570,277
172,18040262,277
173,18040246,277
174,18040195,276
175,18040031,276
176,18040377,275
177,18070733,271
178,18070445,270
179,18040176,269
180,18111164,269
181,18070681,268
182,18070589,267
183,18070678,265
184,8111200,264
185,18070783,264
186,18070798,264
187,18090885,263
188,18070525,262
189,18040270,262
190,18070701,262
191,18111053,262
192,18070411,261
193,18040158,261
194,18040359,261
195,18040256,261
196,18070604,261
197,18070499,261
198,18111037,259
199,18111175,259
200,18070431,259
201,18040222,259
202,18070517,258
203,18090912,258
204,18111059,257
205,18111023,257
206,18090815,256
207,18090927,256
208,18111133,255
209,18040064,255
210,18091006,255
211,18070569,255
212,18070574,254
213,18040114,254
214,18070505,253
215,18090877,253
216,18040186,253
217,18040354,253
218,18070704,252
219,18040205,252
220,18070467,252
221,18040085,250
222,18111134,250
223,18040241,248
224,18090987,247
225,18040232,246
226,18111185,246
227,18111188,245
228,18111172,243
229,18070433,243
230,18040309,243
231,18040066,243
232,18040346,242
233,18070558,242
234,18090898,241
235,18040030,241
236,18111137,241
237,18040108,240
238,18040156,240
239,18040242,240
240,18070556,239
241,18070640,239
242,18111199,239
243,18070633,236
244,18070504,236
245,18070770,236
246,18070679,236
247,18090971,235
248,18070646,234
249,18070610,233
250,18070440,232
251,18040034,232
252,18070719,231
253,18111091,231
254,18040097,231
255,18040192,231
256,18040078,230
257,18111127,229
258,18090965,229
259,18070549,228
260,18111078,227
261,18070785,227
262,18111100,227
263,18090164,226
264,18070739,225
265,18040364,225
266,18111088,224
267,18070523,224
268,18090950,223
269,18040314,223
270,18070595,223
271,18090897,223
272,18040122,222
273,18070597,221
274,18040407,220
275,18111205,220
276,18040319,219
277,18090932,219
278,18070773,218
279,18070614,218
280,18070725,217
281,18040093,216
282,18070432,216
283,18111071,216
284,18070602,215
285,18040327,214
286,18040098,214
287,18070466,214
288,18040163,213
289,18040381,213
290,18070724,213
291,18040183,213
292,18070554,212
293,18070802,212
294,18070529,211
295,18070734,211
296,18090938,210
297,18091012,210
298,18070487,210
299,18090978,210
300,18090832,209
301,18040067,209
302,18070735,208
303,18040278,207
304,18040344,207
305,18040137,206
306,18040336,206
307,18070518,206
308,18040187,205
309,18090830,204
310,18040207,203
311,18070458,203
312,18040253,203
313,18090997,202
314,18070671,202
315,18040024,202
316,18040040,201
317,18040152,200
318,18040338,200
319,18040194,199
320,18111075,198
321,18070524,197
322,18040065,196
323,18070787,195
324,18040068,195
325,18070751,195
326,18040323,194
327,18111087,194
328,18111069,194
329,18040321,194
330,18090872,194
331,18040188,194
332,18070647,193
333,18040113,193
334,18040320,193
335,18111026,193
336,18070491,193
337,18111197,193
338,18040116,192
339,18040037,191
340,18111215,191
341,18040147,191
342,18090840,190
343,18040149,190
344,18040245,190
345,18040301,190
346,18090841,190
347,18070454,190
348,18111061,190
349,18070686,189
350,18090842,188
351,18040046,187
352,18040117,187
353,18091002,186
354,18040100,186
355,18111146,185
356,18090930,185
357,18040306,185
358,18090854,185
359,18040106,185
360,18070627,184
361,18090921,183
362,18040036,183
363,18040369,183
364,18040307,183
365,18040203,182
366,18040324,182
367,18040334,182
368,18040135,181
369,18070714,181
370,18111072,181
371,18090884,181
372,18090983,181
373,18040022,180
374,18111207,180
375,18090913,180
376,18070637,179
377,18040045,179
378,18111034,179
379,18091000,178
380,18040145,177
381,18111044,177
382,18040286,176
383,18090922,176
384,18040074,176
385,18070710,175
386,18090920,175
387,18090948,175
388,18070485,175
389,18070752,175
390,18040272,175
391,18090969,175
392,18040349,174
393,18111097,174
394,18040107,174
395,18090900,174
396,18070658,173
397,18070789,173
398,18111167,172
399,18040372,172
400,18040341,171
401,18070741,171
402,18111186,171
403,18040388,170
404,18090838,170
405,18090955,170
406,18040053,169
407,18111179,169
408,18070579,169
409,18111093,168
410,18040337,168
411,18070668,168
412,18070636,168
413,18090934,167
414,18070695,165
415,18111028,165
416,18040357,165
417,18111119,165
418,18070685,164
419,18111202,164
420,18111166,163
421,18040051,163
422,18070550,163
423,18090890,163
424,18090879,163
425,18090887,163
426,18070468,163
427,18070559,162
428,18070617,162
429,18111144,161
430,18040400,161
431,18040223,161
432,18040129,161
433,18070439,161
434,18070768,160
435,18040070,160
436,18070441,160
437,18070706,160
438,18040339,160
439,18090974,160
440,18070615,158
441,18090919,158
442,18070682,158
443,18070778,158
444,18040199,157
445,18091009,157
446,18070583,156
447,18070435,156
448,18111176,156
449,18070711,155
450,18040340,155
451,18040212,155
452,18070750,155
453,18090818,154
454,18090901,154
455,18090880,153
456,18090982,152
457,18040235,152
458,18070498,152
459,18070551,151
460,18070666,151
461,18070730,151
462,18040269,151
463,18040039,150
464,18111076,150
465,18070591,149
466,18070717,149
467,18040305,148
468,18040130,148
469,18070585,148
470,18090915,148
471,18040104,148
472,18070548,148
473,18040092,147
474,18070622,147
475,18040277,147
476,18111041,146
477,18070804,146
478,18070705,146
479,18070531,145
480,18090953,145
481,18070628,142
482,18040361,142
483,18090870,142
484,18070795,141
485,18070419,141
486,18070782,141
487,18111102,140
488,18070528,140
489,18040342,140
490,18040148,140
491,18090946,139
492,18070766,137
493,18040166,137
494,18040180,137
495,18070482,137
496,18040297,136
497,18090939,135
498,18040153,135
499,18040398,135
500,18040265,135
501,18111043,135
502,18040115,134
503,18090964,134
504,18070472,133
505,18090986,133
506,18070670,133
507,18040237,132
508,18040347,132
509,18040028,132
510,18070760,131
511,18070803,130
512,18040157,130
513,18111121,129
514,18090941,129
515,18040150,129
516,18070512,129
517,18090966,128
518,18040318,127
519,18070584,126
520,18070794,126
521,18040200,125
522,18040248,125
523,18040198,125
524,18070507,124
525,18090909,124
526,18070564,124
527,18111131,124
528,18040294,124
529,18040214,123
530,18070484,123
531,18070486,123
532,18111035,122
533,18040169,122
534,18070535,122
535,18070448,122
536,18070539,122
537,18090910,121
538,18070536,121
539,18111193,121
540,18070474,121
541,18070429,121
542,18070580,120
543,18040060,120
544,18040330,120
545,18111211,119
546,18070588,118
547,18040181,118
548,18070427,117
549,18070611,117
550,18111080,117
551,18070540,116
552,18070651,116
553,18111101,116
554,18040184,116
555,18040408,115
556,18040288,113
557,18070763,112
558,18111204,112
559,18040243,112
560,18090811,112
561,18040175,112
562,18040394,112
563,18070657,112
564,18040387,112
565,18040238,111
566,18070471,110
567,18040081,110
568,18040125,110
569,18070738,110
570,18111066,110
571,18111105,109
572,18070514,109
573,18040069,109
574,18040263,108
575,18090822,108
576,18111098,107
577,18070599,107
578,18040202,107
579,18040315,107
580,18040378,107
581,18111116,107
582,18070786,106
583,18070631,106
584,18111025,106
585,18040026,105
586,18101022,105
587,18090812,105
588,18070423,104
589,18040139,104
590,18090871,104
591,18040208,104
592,18070665,103
593,18111195,103
594,18070415,103
595,18070693,102
596,18070761,101
597,18040151,101
598,18040284,101
599,18070553,101
600,18040118,101
601,18111109,99
602,18090825,99
603,18090820,98
604,18070422,98
605,18090963,98
606,18040080,97
607,18040102,96
608,18090823,96
609,18090926,95
610,18070552,95
611,18091005,94
612,18090881,94
613,18090993,94
614,18090869,94
615,18070731,94
616,18090852,93
617,18040283,92
618,18070629,92
619,18090867,92
620,18111194,92
621,18070592,92
622,18111030,91
623,18111064,91
624,18040032,91
625,18070475,90
626,18091004,90
627,18090959,90
628,18070586,90
629,18040072,88
630,18040257,88
631,18111068,88
632,18040322,88
633,18111108,88
634,18070511,87
635,18070660,87
636,18111173,86
637,18090924,86
638,18070489,86
639,18040293,86
640,18111125,85
641,18070703,85
642,18090846,84
643,18091007,83
644,18070606,83
645,18070541,83
646,18040206,82
647,18070476,82
648,18090824,82
649,18091017,82
650,18040275,81
651,18040367,80
652,18111152,80
653,18070510,80
654,18090928,79
655,18040174,79
656,18070620,79
657,18090980,79
658,18070527,78
659,18111161,77
660,18070477,77
661,18111048,77
662,18111038,74
663,18070442,74
664,18090882,74
665,18111036,73
666,18040384,72
667,18040035,72
668,18040155,72
669,18090851,72
670,18090834,72
671,18111181,71
672,18070612,71
673,18070712,71
674,18070464,71
675,18040128,70
676,18070566,70
677,18090886,70
678,18040162,70
679,18040086,69
680,18070661,69
681,18070684,69
682,18070513,68
683,18070801,68
684,18111190,68
685,18070634,68
686,18090892,68
687,18040353,68
688,18070780,68
689,18090933,68
690,18040259,67
691,18040105,67
692,18090843,67
693,18090911,67
694,18111159,67
695,18070618,66
696,18070775,66
697,18090917,65
698,18070538,65
699,18070737,65
700,18040171,65
701,18070806,65
702,18111139,65
703,18040374,64
704,18111183,63
705,18070547,63
706,18070771,63
707,18111126,63
708,18070490,62
709,18040233,62
710,18091015,62
711,18070616,60
712,18070578,60
713,18040350,60
714,18070621,60
715,18111135,60
716,18070656,60
717,18040099,59
718,18070729,59
719,18040291,59
720,18090814,59
721,18040247,59
722,18070674,58
723,18090937,58
724,18070716,58
725,18111063,57
726,18111118,57
727,18070642,57
728,18070590,56
729,18040054,56
730,18090889,56
731,18040227,55
732,18040345,54
733,18111029,54
734,18070715,54
735,18040219,54
736,18070672,54
737,18070596,53
738,18090873,53
739,18070653,53
740,18111143,53
741,18070762,52
742,18040044,52
743,18111206,51
744,18070434,51
745,18070755,51
746,18090857,51
747,18111110,51
748,18070496,51
749,18111213,50
750,18040021,50
751,18090990,50
752,18090984,49
753,18111169,49
754,18070449,49
755,18070473,48
756,18040083,48
757,18070522,48
758,18040185,48
759,18070503,47
760,18040331,47
761,18111045,47
762,18040298,46
763,18070609,46
764,18090856,46
765,18040218,46
766,18090836,46
767,18070673,45
768,18040271,45
769,18070708,45
770,18070446,45
771,18070436,45
772,18040313,44
773,18090835,44
774,18070792,44
775,18111089,44
776,18090979,43
777,18111117,43
778,18091003,43
779,18090903,42
780,18070463,42
781,18111174,42
782,18040279,41
783,18090828,41
784,18090995,40
785,18040215,40
786,18040055,40
787,18090861,40
788,18111085,39
789,18040402,39
790,18070638,39
791,18111047,39
792,18040159,38
793,18111090,38
794,18070732,38
795,18070676,38
796,18070428,37
797,18070497,37
798,18111073,37
799,18111079,36
800,18090914,36
801,18070625,36
802,18040404,35
803,18070613,35
804,18111049,35
805,18070456,34
806,18040376,33
807,18070521,33
808,18070557,33
809,18090967,32
810,18070654,32
811,18070793,32
812,18040363,32
813,18090944,32
814,18040244,32
815,18090935,31
816,18040023,31
817,18040335,31
818,18090947,31
819,18040089,31
820,18040189,31
821,18070469,30
822,18090864,30
823,18070537,30
824,18070481,30
825,18040071,30
826,18040392,30
827,18111046,30
828,18040141,30
829,18040373,29
830,18090968,29
831,18040084,29
832,18070593,29
833,18070594,28
834,18090905,28
835,18070721,27
836,18090891,27
837,18040164,27
838,18090999,27
839,18040325,27
840,18090958,26
841,18070728,26
842,18040041,26
843,18070516,25
844,18070420,25
845,18111115,24
846,18040027,24
847,18111082,24
848,18040351,24
849,18040079,24
850,18111171,23
851,18070799,23
852,18040077,23
853,18040295,23
854,18070413,22
855,18111170,22
856,18111040,22
857,18040360,22
858,18070742,22
859,18070743,22
860,18070807,21
861,18040292,21
862,18000999,20
863,18040406,20
864,18111112,20
865,18070707,20
866,18040138,20
867,18070765,20
868,18090989,19
869,18090975,19
870,18040261,19
871,18111056,19
872,18090906,19
873,18111024,19
874,18040249,19
875,18070680,19
876,18070455,19
877,18090888,19
878,18070461,18
879,18070546,18
880,18040399,18
881,18040204,17
882,18040190,17
883,18040101,17
884,18111219,17
885,18111201,17
886,18090816,17
887,18111084,17
888,18040383,17
889,18040058,17
890,18070480,17
891,18070772,16
892,18090973,16
893,18070720,16
894,18070655,16
895,18090868,16
896,18090855,16
897,18070450,15
898,18090866,15
899,18091011,15
900,18090962,15
901,18040134,15
902,18111208,15
903,18070520,15
904,18040075,14
905,18111111,14
906,18111140,14
907,18111184,14
908,18111027,14
909,18040029,14
910,18040033,13
911,18040389,13
912,18070754,13
913,18070565,13
914,18070601,13
915,18090957,13
916,18070764,13
917,18040317,12
918,18040172,12
919,18040289,12
920,18070598,12
921,18090992,12
922,18090878,12
923,18060083,11
924,18040391,11
925,18090902,11
926,18040379,11
927,18040302,11
928,18090996,11
929,18090847,10
930,18040178,10
931,18111032,10
932,18111033,10
933,18070767,9
934,18040308,9
935,18111128,9
936,18070745,8
937,18040090,8
938,18070493,8
939,18040312,8
940,18040258,8
941,18111129,7
942,18111191,7
943,18111156,7
944,18111060,7
945,18090972,7
946,18040144,7
947,18111182,6
948,18010002,6
949,18040136,6
950,18070462,6
951,18070545,6
952,18070790,6
953,18040020,6
954,18040240,5
955,18070797,5
956,18070483,5
957,18070459,5
958,18111050,5
959,18070694,5
960,18111214,5
961,18040103,5
962,18040124,4
963,18111221,4
964,18070643,4
965,18070488,4
966,18111062,4
967,18090929,4
968,18070478,4
969,18040216,4
970,18070808,4
971,18070603,4
972,18070746,4
973,18070630,3
974,19200083,3
975,18070639,3
976,18070690,3
977,18070572,3
978,18111124,3
979,18090954,2
980,18091014,2
981,1809062,2
982,18040127,2
983,18040110,2
984,18090925,2
985,18040050,2
986,1618090862,2
987,18070727,2
988,18070576,2
989,18040225,2
990,18040056,2
991,18070632,2
992,18070414,2
993,18070648,2
994,0018070790 *,1
995,18111177,1
996,18090896,1
997,33333333,1
998,18111123,1
999,1809082,1
1000,0018090892 *,1
1001,00 17500015,1
1002,18111122,1
1003,18070506,1
1004,18500015,1
1005,18070495,1
1006,19000000,1
